{
    "name": "margies-knowledge-skillset",
    "description": "Skillset for document extraction",
    "cognitiveServices": {
        "@odata.type": "#Microsoft.Azure.Search.CognitiveServicesByKey",
        "description": "Azure AI services",
        "key": "YOUR_AI_SERVICES_KEY"
      },
    "skills": [
      {
        "@odata.type": "#Microsoft.Skills.Text.V3.SentimentSkill",
        "name": "get-sentiment",
        "description": "Evaluate sentiment",
        "context": "/document",
        "defaultLanguageCode": "en",
        "inputs": [
          {
            "name": "text",
            "source": "/document/merged_content"
          },
          {
            "name": "languageCode",
            "source": "/document/language"
          }
        ],
        "outputs": [
          {
            "name": "sentiment",
            "targetName": "sentimentLabel"
          }
        ]
      },
      {
        "@odata.type": "#Microsoft.Skills.Text.V3.EntityRecognitionSkill",
        "name": "#1",
        "description": null,
        "context": "/document/merged_content",
        "categories": [
          "Person",
          "Quantity",
          "Organization",
          "URL",
          "Email",
          "Location",
          "DateTime"
        ],
        "defaultLanguageCode": "en",
        "minimumPrecision": null,
        "inputs": [
          {
            "name": "text",
            "source": "/document/merged_content"
          },
          {
            "name": "languageCode",
            "source": "/document/language"
          }
        ],
        "outputs": [
          {
            "name": "locations",
            "targetName": "locations"
          }
        ]
      },
      {
        "@odata.type": "#Microsoft.Skills.Text.KeyPhraseExtractionSkill",
        "name": "#2",
        "description": null,
        "context": "/document/merged_content",
        "defaultLanguageCode": "en",
        "maxKeyPhraseCount": null,
        "inputs": [
          {
            "name": "text",
            "source": "/document/merged_content"
          },
          {
            "name": "languageCode",
            "source": "/document/language"
          }
        ],
        "outputs": [
          {
            "name": "keyPhrases",
            "targetName": "keyphrases"
          }
        ]
      },
      {
        "@odata.type": "#Microsoft.Skills.Text.LanguageDetectionSkill",
        "name": "#3",
        "description": null,
        "context": "/document",
        "inputs": [
          {
            "name": "text",
            "source": "/document/merged_content"
          }
        ],
        "outputs": [
          {
            "name": "languageCode",
            "targetName": "language"
          }
        ]
      },
      {
        "@odata.type": "#Microsoft.Skills.Text.MergeSkill",
        "name": "#4",
        "description": null,
        "context": "/document",
        "insertPreTag": " ",
        "insertPostTag": " ",
        "inputs": [
          {
            "name": "text",
            "source": "/document/content"
          },
          {
            "name": "itemsToInsert",
            "source": "/document/normalized_images/*/text"
          },
          {
            "name": "offsets",
            "source": "/document/normalized_images/*/contentOffset"
          }
        ],
        "outputs": [
          {
            "name": "mergedText",
            "targetName": "merged_content"
          }
        ]
      },
      {
        "@odata.type": "#Microsoft.Skills.Vision.OcrSkill",
        "name": "#5",
        "description": null,
        "context": "/document/normalized_images/*",
        "textExtractionAlgorithm": null,
        "lineEnding": "Space",
        "defaultLanguageCode": "en",
        "detectOrientation": true,
        "inputs": [
          {
            "name": "image",
            "source": "/document/normalized_images/*"
          }
        ],
        "outputs": [
          {
            "name": "text",
            "targetName": "text"
          },
          {
            "name": "layoutText",
            "targetName": "layoutText"
          }
        ]
      },
      {
        "@odata.type": "#Microsoft.Skills.Vision.ImageAnalysisSkill",
        "name": "#6",
        "description": null,
        "context": "/document/normalized_images/*",
        "defaultLanguageCode": "en",
        "visualFeatures": [
          "tags",
          "description"
        ],
        "details": [],
        "inputs": [
          {
            "name": "image",
            "source": "/document/normalized_images/*"
          }
        ],
        "outputs": [
          {
            "name": "tags",
            "targetName": "imageTags"
          },
          {
            "name": "description",
            "targetName": "imageCaption"
          }
        ]
      },
      {
        "@odata.type": "#Microsoft.Skills.Util.ShaperSkill",
        "name": "define-projection",
        "description": "Prepare projection fields",
        "context": "/document",
        "inputs": [
          {
            "name": "file_id",
            "source": "/document/metadata_storage_path"
          },
          {
            "name": "file_name",
            "source": "/document/metadata_storage_name"
          },
          {
            "name": "url",
            "source": "/document/url"
          },
          {
            "name": "language",
            "source": "/document/language"
          },
          {
            "name": "sentiment",
            "source": "/document/sentimentLabel"
          },
          {
            "name": "key_phrases",
            "source": null,
            "sourceContext": "/document/merged_content/keyphrases/*",
            "inputs": [
              {
                  "name": "phrase",
                  "source": "/document/merged_content/keyphrases/*"
              }
          ]
          },
          {
            "name": "locations",
            "source": null,
            "sourceContext": "/document/merged_content/locations/*",
            "inputs":[
              {
                "name": "location", "source": "/document/merged_content/locations/*"
              }
            ]
          },
          {
            "name": "image_tags",
            "source": null,
            "sourceContext": "/document/normalized_images/*/imageTags/*",
            "inputs":[
              {
                "name": "tag", "source": "/document/normalized_images/*/imageTags/*/name"
              }
            ]
          }
          ],
          "outputs": [
            {
              "name": "output",
              "targetName": "knowledge_projection"
            }
          ]
        }
    ],
    "knowledgeStore": { 
      "storageConnectionString": "YOUR_CONNECTION_STRING", 
      "projections": [
          {
              "objects": [
                  {
                      "storageContainer": "margies-knowledge",
                      "source": "/document/knowledge_projection"
                  }
              ],
              "tables": [],
              "files": []
          },
          {
              "objects": [],
              "tables": [],
              "files": [
                  {
                      "storageContainer": "margies-images",
                      "source": "/document/normalized_images/*"
                  }
              ]
          },
          {
            "objects": [],
            "tables": [  
                {
                    "tableName": "KeyPhrases",
                    "generatedKeyName": "keyphrase_id",
                    "source": "/document/knowledge_projection/key_phrases/*"
                },
                {
                    "tableName": "Locations",
                    "generatedKeyName": "location_id",
                    "source": "/document/knowledge_projection/locations/*"
                }, 
                {
                    "tableName": "ImageTags",
                    "generatedKeyName": "tag_id",
                    "source": "/document/knowledge_projection/image_tags/*"
                },
                {
                    "tableName": "docs",
                    "generatedKeyName": "document_id", 
                    "source": "/document/knowledge_projection" 
                    }
            ],
            "files": []
        }
      ]     
  } ,
    "encryptionKey": null
  }
