﻿{
  "dataSourceName": "{{datasource_name}}",
  "targetIndexName": "{{index_name}}",
  "skillsetName": "{{skillset_name}}",
  "fieldMappings": [
    {
      "sourceFieldName": "metadata_storage_path",
      "targetFieldName": "metadata_storage_path",
      "mappingFunction": { "name": "base64Encode" }
    },
    {
      "sourceFieldName": "metadata_storage_name",
      "targetFieldName": "metadata_storage_name"
    }
  ],
  "outputFieldMappings": [
    {
      "sourceFieldName": "/document/merged_text",
      "targetFieldName": "content"
    },
    {
      "sourceFieldName": "/document/organizations",
      "targetFieldName": "organizations"
    },
    {
      "sourceFieldName": "/document/persons",
      "targetFieldName": "persons"
    },
    {
      "sourceFieldName": "/document/locations",
      "targetFieldName": "locations"
    },
    {
      "sourceFieldName": "/document/pages/*/keyPhrases/*",
      "targetFieldName": "keyPhrases"
    }
  ],
  "parameters": {
    "batchSize": 1,
    "maxFailedItems": -1,
    "maxFailedItemsPerBatch": -1,
    "configuration": {
      "dataToExtract": "contentAndMetadata",
      "imageAction": "generateNormalizedImages"
    }
  }
}