﻿{
  "fields": [
    {
      "name": "content",
      "type": "Edm.String",
      "sortable": false,
      "searchable": true,
      "filterable": false,
      "facetable": false
    },
    {
      "name": "keyPhrases",
      "type": "Collection(Edm.String)",
      "searchable": true,
      "sortable": false,
      "filterable": true,
      "facetable": true
    },
    {
      "name": "organizations",
      "type": "Collection(Edm.String)",
      "searchable": true,
      "sortable": false,
      "filterable": true,
      "facetable": true
    },
    {
      "name": "persons",
      "type": "Collection(Edm.String)",
      "searchable": true,
      "sortable": false,
      "filterable": true,
      "facetable": true
    },
    {
      "name": "locations",
      "type": "Collection(Edm.String)",
      "searchable": true,
      "sortable": false,
      "filterable": true,
      "facetable": true
    },
    {
      "name": "metadata_storage_path",
      "type": "Edm.String",
      "key": true,
      "searchable": true,
      "sortable": false,
      "filterable": false,
      "facetable": false
    },
    {
      "name": "metadata_storage_name",
      "type": "Edm.String",
      "searchable": true,
      "sortable": false,
      "filterable": false,
      "facetable": false
    }
  ]
}