{
    "$schema": "https://schema.management.azure.com/schemas/2015-01-01/deploymentTemplate.json#",
    "contentVersion": "1.0.0.0",
    "parameters": {
        "skill_name": {
            "defaultValue": "analyzeformv22",
            "type": "String"
        },
         "repoURL": {
            "type": "string",
            "defaultValue": "https://github.com/AzureBytes/functionshttpecho.git",
            "metadata": {
                "description": "The URL for the GitHub repository that contains the project to deploy."
            }
        },
        "branch": {
            "type": "string",
            "defaultValue": "master",
            "metadata": {
                "description": "The branch of the GitHub repository to use."
            }
        },
        "location": {
            "type": "string",
            "defaultValue": "[resourceGroup().location]",
            "metadata": {
                "description": "Location for all resources."
            }
        }
    },
    "variables": {},
    "resources": [
        {
            "type": "Microsoft.CognitiveServices/accounts",
            "apiVersion": "2017-04-18",
            "name": "[parameters('skill_name')]",
            "location": "[resourceGroup().location]",
            "sku": {
                "name": "S0"
            },
            "kind": "FormRecognizer",
            "properties": {
                "customSubDomainName": "[parameters('skill_name')]",
                "privateEndpointConnections": [],
                "publicNetworkAccess": "Enabled"
            }
        },
        {
            "type": "microsoft.insights/components",
            "apiVersion": "2018-05-01-preview",
            "name": "[parameters('skill_name')]",
            "location": "[resourceGroup().location]",
            "kind": "web",
            "properties": {
                "Application_Type": "web",
                "Flow_Type": "Bluefield",
                "Request_Source": "rest",
                "RetentionInDays": 90,
                "publicNetworkAccessForIngestion": "Enabled",
                "publicNetworkAccessForQuery": "Enabled"
            }
        },
        {
            "type": "Microsoft.Storage/storageAccounts",
            "apiVersion": "2020-08-01-preview",
            "name": "[parameters('skill_name')]",
            "location": "[resourceGroup().location]",
            "sku": {
                "name": "Standard_LRS",
                "tier": "Standard"
            },
            "kind": "Storage",
            "properties": {
                "networkAcls": {
                    "bypass": "AzureServices",
                    "virtualNetworkRules": [],
                    "ipRules": [],
                    "defaultAction": "Allow"
                },
                "supportsHttpsTrafficOnly": true,
                "encryption": {
                    "services": {
                        "file": {
                            "keyType": "Account",
                            "enabled": true
                        },
                        "blob": {
                            "keyType": "Account",
                            "enabled": true
                        }
                    },
                    "keySource": "Microsoft.Storage"
                }
            }
        },
        {
            "type": "Microsoft.Web/serverfarms",
            "apiVersion": "2018-02-01",
            "name": "[parameters('skill_name')]",
            "location": "[resourceGroup().location]",
            "sku": {
                "name": "Y1",
                "tier": "Dynamic",
                "size": "Y1",
                "family": "Y",
                "capacity": 0
            },
            "kind": "functionapp",
            "properties": {
                "perSiteScaling": false,
                "maximumElasticWorkerCount": 1,
                "isSpot": false,
                "reserved": true,
                "isXenon": false,
                "hyperV": false,
                "targetWorkerCount": 0,
                "targetWorkerSizeId": 0
            }
        },
        {
            "type": "Microsoft.Web/sites",
            "apiVersion": "2018-11-01",
            "name": "[parameters('skill_name')]",
            "location": "[resourceGroup().location]",
            "dependsOn": [
                "[resourceId('Microsoft.Web/serverfarms', parameters('skill_name'))]"
            ],
            "kind": "functionapp,linux",
            "properties": {
                "enabled": true,
                "hostNameSslStates": [
                    {
                        "name": "[concat(parameters('skill_name'), '.azurewebsites.net')]",
                        "sslState": "Disabled",
                        "hostType": "Standard"
                    },
                    {
                        "name": "[concat(parameters('skill_name'), '.scm.azurewebsites.net')]",
                        "sslState": "Disabled",
                        "hostType": "Repository"
                    }
                ],
                "serverFarmId": "[resourceId('Microsoft.Web/serverfarms', parameters('skill_name'))]",
                "reserved": true,
                "isXenon": false,
                "hyperV": false,
                "siteConfig": {},
                "scmSiteAlsoStopped": false,
                "clientAffinityEnabled": false,
                "clientCertEnabled": false,
                "hostNamesDisabled": false,
                "containerSize": 0,
                "dailyMemoryTimeQuota": 0,
                "httpsOnly": false,
                "redundancyMode": "None"
            }
        },
        {
            "type": "Microsoft.Web/sites/config",
            "apiVersion": "2018-11-01",
            "name": "[concat(parameters('skill_name'), '/web')]",
            "location": "[resourceGroup().location]",
            "dependsOn": [
                "[resourceId('Microsoft.Web/sites', parameters('skill_name'))]"
            ],
            "properties": {
                "numberOfWorkers": 1,
                "defaultDocuments": [
                    "Default.htm",
                    "Default.html",
                    "Default.asp",
                    "index.htm",
                    "index.html",
                    "iisstart.htm",
                    "default.aspx",
                    "index.php"
                ],
                "netFrameworkVersion": "v4.0",
                "linuxFxVersion": "Python|3.6",
                "requestTracingEnabled": false,
                "remoteDebuggingEnabled": false,
                "httpLoggingEnabled": false,
                "logsDirectorySizeLimit": 35,
                "detailedErrorLoggingEnabled": false,
                "publishingUsername": "$analyzeformv22",
                "azureStorageAccounts": {},
                "scmType": "None",
                "use32BitWorkerProcess": false,
                "webSocketsEnabled": false,
                "alwaysOn": false,
                "managedPipelineMode": "Integrated",
                "virtualApplications": [
                    {
                        "virtualPath": "/",
                        "physicalPath": "site\\wwwroot",
                        "preloadEnabled": false
                    }
                ],
                "loadBalancing": "LeastRequests",
                "experiments": {
                    "rampUpRules": []
                },
                "autoHealEnabled": false,
                "cors": {
                    "allowedOrigins": [
                        "https://functions.azure.com",
                        "https://functions-staging.azure.com",
                        "https://functions-next.azure.com"
                    ],
                    "supportCredentials": false
                },
                "localMySqlEnabled": false,
                "ipSecurityRestrictions": [
                    {
                        "ipAddress": "Any",
                        "action": "Allow",
                        "priority": 1,
                        "name": "Allow all",
                        "description": "Allow all access"
                    }
                ],
                "scmIpSecurityRestrictions": [
                    {
                        "ipAddress": "Any",
                        "action": "Allow",
                        "priority": 1,
                        "name": "Allow all",
                        "description": "Allow all access"
                    }
                ],
                "scmIpSecurityRestrictionsUseMain": false,
                "http20Enabled": false,
                "minTlsVersion": "1.2",
                "ftpsState": "AllAllowed",
                "reservedInstanceCount": 0
            }
        },
        {
            "type": "Microsoft.Web/sites/functions",
            "apiVersion": "2018-11-01",
            "name": "[concat(parameters('skill_name'), '/AnalyzeForm')]",
            "location": "[resourceGroup().location]",
            "dependsOn": [
                "[resourceId('Microsoft.Web/sites', parameters('skill_name'))]"
            ],
            "properties": {
                "script_root_path_href": "https://analyzeformv22.azurewebsites.net/admin/vfs/home/site/wwwroot/AnalyzeForm/",
                "script_href": "https://analyzeformv22.azurewebsites.net/admin/vfs/home/site/wwwroot/AnalyzeForm/__init__.py",
                "config_href": "https://analyzeformv22.azurewebsites.net/admin/vfs/home/site/wwwroot/AnalyzeForm/function.json",
                "href": "https://analyzeformv22.azurewebsites.net/admin/functions/AnalyzeForm",
                "config": {},
                "appSettings": [
                    {
                        "name": "FORMS_RECOGNIZER_ENDPOINT",
                        "value": "[concat('https://',parameters('skill_name'), '.cognitiveservices.azure.com/')]"
                    }
                ]
            }
        },
        {
            "type": "Microsoft.Web/sites/functions",
            "apiVersion": "2018-11-01",
            "name": "[concat(parameters('skill_name'), '/AnalyzeInvoice')]",
            "location": "[resourceGroup().location]",
            "dependsOn": [
                "[resourceId('Microsoft.Web/sites', parameters('skill_name'))]"
            ],
            "properties": {
                "script_root_path_href": "https://analyzeformv22.azurewebsites.net/admin/vfs/home/site/wwwroot/AnalyzeInvoice/",
                "script_href": "https://analyzeformv22.azurewebsites.net/admin/vfs/home/site/wwwroot/AnalyzeInvoice/__init__.py",
                "config_href": "https://analyzeformv22.azurewebsites.net/admin/vfs/home/site/wwwroot/AnalyzeInvoice/function.json",
                "href": "https://analyzeformv22.azurewebsites.net/admin/functions/AnalyzeInvoice",
                "config": {}
            }
        },
        {
            "type": "Microsoft.Web/sites/functions",
            "apiVersion": "2018-11-01",
            "name": "[concat(parameters('skill_name'), '/ExtractTables')]",
            "location": "[resourceGroup().location]",
            "dependsOn": [
                "[resourceId('Microsoft.Web/sites', parameters('skill_name'))]"
            ],
            "properties": {
                "script_root_path_href": "https://analyzeformv22.azurewebsites.net/admin/vfs/home/site/wwwroot/ExtractTables/",
                "script_href": "https://analyzeformv22.azurewebsites.net/admin/vfs/home/site/wwwroot/ExtractTables/__init__.py",
                "config_href": "https://analyzeformv22.azurewebsites.net/admin/vfs/home/site/wwwroot/ExtractTables/function.json",
                "href": "https://analyzeformv22.azurewebsites.net/admin/functions/ExtractTables",
                "config": {}
            }
        },
        {
            "type": "Microsoft.Web/sites/hostNameBindings",
            "apiVersion": "2018-11-01",
            "name": "[concat(parameters('skill_name'), '/', parameters('skill_name'), '.azurewebsites.net')]",
            "location": "[resourceGroup().location]",
            "dependsOn": [
                "[resourceId('Microsoft.Web/sites', parameters('skill_name'))]"
            ],
            "properties": {
                "siteName": "analyzeformv22",
                "hostNameType": "Verified"
            }
        },
        {
            "type": "Microsoft.Storage/storageAccounts/blobServices/containers",
            "apiVersion": "2020-08-01-preview",
            "name": "[concat(parameters('skill_name'), '/default/azure-webjobs-hosts')]",
            "dependsOn": [
                "[resourceId('Microsoft.Storage/storageAccounts/blobServices', parameters('skill_name'), 'default')]",
                "[resourceId('Microsoft.Storage/storageAccounts', parameters('skill_name'))]"
            ],
            "properties": {
                "defaultEncryptionScope": "$account-encryption-key",
                "denyEncryptionScopeOverride": false,
                "publicAccess": "None"
            }
        },
        {
            "type": "Microsoft.Storage/storageAccounts/blobServices/containers",
            "apiVersion": "2020-08-01-preview",
            "name": "[concat(parameters('skill_name'), '/default/azure-webjobs-secrets')]",
            "dependsOn": [
                "[resourceId('Microsoft.Storage/storageAccounts/blobServices', parameters('skill_name'), 'default')]",
                "[resourceId('Microsoft.Storage/storageAccounts', parameters('skill_name'))]"
            ],
            "properties": {
                "defaultEncryptionScope": "$account-encryption-key",
                "denyEncryptionScopeOverride": false,
                "publicAccess": "None"
            }
        },
        {
            "type": "Microsoft.Storage/storageAccounts/blobServices/containers",
            "apiVersion": "2020-08-01-preview",
            "name": "[concat(parameters('skill_name'), '/default/scm-releases')]",
            "dependsOn": [
                "[resourceId('Microsoft.Storage/storageAccounts/blobServices', parameters('skill_name'), 'default')]",
                "[resourceId('Microsoft.Storage/storageAccounts', parameters('skill_name'))]"
            ],
            "properties": {
                "defaultEncryptionScope": "$account-encryption-key",
                "denyEncryptionScopeOverride": false,
                "publicAccess": "None"
            }
        }
    ]
}